line_id	rs_16999693	rs_17004669	rs_17006176
133_2	AA	AA	AA
135_2	AA	AA	AA
137_4	AA	AA	AA
15_1	AA	AA	AA
50_2	AA	AA	AA
55_2	AA	AA	AA
94_1	AA	AA	AA
30_1	AA	BB	AA
79_2	AA	BB	BB
134_1	AB	AB	AA
139_4	AB	AB	AB
17_1	AB	AB	AB
32_2	AB	AB	AB
49_1	AB	AB	AB
59_2	AB	AB	AB
61_1	AB	BB	AA
40_2	AB	BB	AB
106_2	BB	BB	AA
141_3	BB	BB	AA
39_1	BB	BB	AA
4_1	BB	BB	AA
106_1	BB	BB	AB
10_1	BB	BB	AB
129_1	BB	BB	AB
132_5	BB	BB	AB
140_1	BB	BB	AB
20_1	BB	BB	AB
4_2	BB	BB	AB
71_1	BB	BB	AB
72_2	BB	BB	AB
104_1	BB	BB	BB
117_2	BB	BB	BB
11_1	BB	BB	BB
11_2	BB	BB	BB
125_1	BB	BB	BB
132_4_1	BB	BB	BB
13_2	BB	BB	BB
140_3	BB	BB	BB
14_1	BB	BB	BB
21_2	BB	BB	BB
23_1	BB	BB	BB
40_1	BB	BB	BB
59_1	BB	BB	BB
62_2	BB	BB	BB
69_1	BB	BB	BB
80_1	BB	BB	BB
84_2	BB	BB	BB
8_2	BB	BB	BB
91_1	BB	BB	BB
95_1	BB	BB	BB
