line_id	rs_1128778	rs_1129966	rs_1130171	rs_1130234	rs_1130594	rs_1142482	rs_1179902	rs_1180656	rs_1185868
80_1	AA	BB	AB	AB	AB	BB	AA	AB	AA
106_1	AA	BB	BB	BB	BB	AA	AA	AA	BB
59_1	AA	BB	BB	BB	BB	AB	AB	AB	AB
14_1	AA	BB	BB	BB	BB	AB	AB	AB	BB
40_1	AA	BB	BB	BB	BB	AB	BB	BB	AB
79_2	AA	BB	BB	BB	BB	BB	AA	AA	BB
11_1	AA	BB	BB	BB	BB	BB	AB	AB	BB
129_1	AA	BB	BB	BB	BB	BB	BB	AA	AB
132_5	AA	BB	BB	BB	BB	BB	BB	AA	BB
59_2	AA	BB	BB	BB	BB	BB	BB	BB	AB
17_1	AB	AB	AA	BB	AB	AB	BB	AB	AA
133_2	AB	AB	AB	AB	AB	AA	AB	AB	BB
40_2	AB	AB	AB	AB	AB	AA	AB	BB	AA
84_2	AB	AB	AB	AB	AB	AA	BB	BB	AA
139_4	AB	AB	AB	AB	AB	AB	BB	AA	AA
141_3	AB	AB	AB	AB	AB	AB	BB	AA	AB
8_2	AB	AB	AB	AB	AB	AB	BB	BB	AA
125_1	AB	AB	AB	AB	AB	BB	AB	AB	AB
95_1	AB	BB	BB	BB	BB	AA	BB	AB	AA
132_4_1	AB	BB	BB	BB	BB	AB	AA	BB	AA
21_2	AB	BB	BB	BB	BB	AB	AA	BB	AA
104_1	AB	BB	BB	BB	BB	AB	AB	AA	AB
10_1	AB	BB	BB	BB	BB	AB	AB	AB	AB
106_2	AB	BB	BB	BB	BB	AB	AB	AB	BB
15_1	AB	BB	BB	BB	BB	AB	BB	BB	BB
11_2	AB	BB	BB	BB	BB	BB	AA	AA	BB
94_1	AB	BB	BB	BB	BB	BB	AA	AB	AB
91_1	AB	BB	BB	BB	BB	BB	AA	BB	AB
4_1	AB	BB	BB	BB	BB	BB	AB	AB	BB
50_2	BB	AB	AB	AB	AB	AA	BB	AB	BB
135_2	BB	AB	AB	AB	AB	AA	BB	BB	AA
72_2	BB	AB	AB	AB	AB	AB	AB	BB	AA
117_2	BB	AB	AB	AB	AB	BB	AA	BB	AA
4_2	BB	BB	BB	BB	BB	AA	AB	BB	BB
23_1	BB	BB	BB	BB	BB	AA	BB	BB	AA
55_2	BB	BB	BB	BB	BB	AA	BB	BB	BB
49_1	BB	BB	BB	BB	BB	AB	AB	AA	BB
30_1	BB	BB	BB	BB	BB	AB	AB	AB	BB
32_2	BB	BB	BB	BB	BB	AB	AB	BB	AB
140_3	BB	BB	BB	BB	BB	AB	BB	AB	AB
134_1	BB	BB	BB	BB	BB	BB	AA	AA	BB
140_1	BB	BB	BB	BB	BB	BB	AA	AA	BB
69_1	BB	BB	BB	BB	BB	BB	AA	AA	BB
137_4	BB	BB	BB	BB	BB	BB	AA	AB	AB
13_2	BB	BB	BB	BB	BB	BB	AA	AB	BB
62_2	BB	BB	BB	BB	BB	BB	AB	BB	AB
71_1	BB	BB	BB	BB	BB	BB	AB	BB	AB
61_1	BB	BB	BB	BB	BB	BB	BB	AA	AB
39_1	BB	BB	BB	BB	BB	BB	BB	BB	AA
20_1	BB	BB	BB	BB	BB	BB	BB	BB	AB
